Gender,Married,Dependents,Education,Self_Employed,ApplicantIncome,CoapplicantIncome,LoanAmount,Loan_Amount_Term,Credit_History,Property_Area,Loan_Status
Male,Yes,1,Graduate,Yes,2526,661,453,120,1,Semiurban,N
Female,Yes,2,Not Graduate,No,5224,3374,127,240,1,Urban,Y
Male,Yes,0,Not Graduate,No,17069,9208,142,240,1,Urban,Y
Male,No,0,Graduate,No,13536,207,522,120,0,Urban,N
Male,Yes,0,Graduate,No,15547,2665,697,240,1,Urban,N
Female,Yes,0,Graduate,Yes,20259,2493,276,180,1,Rural,Y
Male,No,3+,Not Graduate,No,3763,6813,628,120,1,Semiurban,N
Male,Yes,0,Not Graduate,Yes,10712,632,593,240,1,Semiurban,N
Male,No,3+,Not Graduate,Yes,7797,3083,297,360,1,Urban,Y
Female,No,3+,Not Graduate,Yes,11208,3719,676,240,0,Urban,N
Male,Yes,0,Graduate,Yes,7109,7123,616,180,1,Rural,N
Male,No,0,Graduate,Yes,18500,1679,613,300,0,Rural,N
Male,Yes,1,Graduate,No,4433,236,121,240,1,Urban,N
Male,No,2,Graduate,No,23847,7446,211,300,1,Semiurban,Y
Female,No,0,Not Graduate,No,18967,4443,156,360,1,Semiurban,Y
Male,Yes,1,Not Graduate,No,22172,6770,165,240,1,Semiurban,Y
Female,No,1,Graduate,Yes,6167,9732,197,120,1,Urban,Y
Female,No,2,Graduate,No,19773,6099,243,300,1,Semiurban,Y
Female,No,3+,Not Graduate,Yes,10357,8555,534,360,0,Rural,N
Male,No,0,Graduate,No,8154,2368,185,120,1,Rural,Y
Female,No,2,Not Graduate,Yes,23804,285,687,120,1,Urban,N
Male,Yes,0,Graduate,Yes,10920,148,443,120,1,Rural,N
Female,No,1,Graduate,No,20427,4037,393,120,1,Urban,Y
Female,Yes,1,Graduate,Yes,22581,6549,670,240,1,Semiurban,N
Female,No,3+,Graduate,Yes,21880,7121,342,240,1,Semiurban,Y
Female,Yes,1,Graduate,No,19162,9958,660,240,0,Semiurban,N
Female,Yes,1,Graduate,Yes,2213,4895,131,360,1,Rural,Y
Female,No,2,Graduate,No,5762,5280,490,360,1,Urban,N
Female,No,0,Not Graduate,No,15399,1012,376,360,1,Semiurban,Y
Female,No,0,Not Graduate,No,11768,9715,631,180,1,Urban,N
Male,Yes,2,Not Graduate,Yes,12640,2785,253,360,0,Semiurban,N
Male,No,3+,Not Graduate,Yes,8731,3725,482,240,1,Rural,N
Female,Yes,0,Not Graduate,Yes,21501,4576,167,240,1,Rural,Y
Female,Yes,1,Graduate,No,7791,5782,313,180,0,Urban,N
Female,Yes,0,Graduate,Yes,17822,6257,475,180,0,Rural,N
Male,No,1,Not Graduate,No,10783,9793,312,360,1,Rural,Y
Female,No,3+,Graduate,No,15621,2408,178,300,1,Urban,Y
Male,Yes,2,Not Graduate,Yes,18019,340,480,180,1,Semiurban,N
Male,Yes,0,Not Graduate,No,4720,2817,157,120,1,Rural,Y
Male,No,2,Graduate,Yes,10905,2496,125,240,1,Urban,Y
Male,Yes,0,Graduate,Yes,11127,5962,546,120,1,Rural,N
Male,No,1,Graduate,Yes,24431,5299,165,240,1,Rural,Y
Female,Yes,2,Not Graduate,Yes,18385,9917,353,240,1,Rural,Y
Female,No,0,Graduate,Yes,8368,7574,143,180,1,Rural,Y
Female,Yes,1,Not Graduate,No,16056,1689,196,180,1,Urban,Y
Female,No,2,Not Graduate,No,14236,3267,653,120,0,Urban,N
Female,Yes,2,Not Graduate,No,20333,4406,326,240,1,Urban,Y
Male,No,0,Graduate,Yes,16451,8453,535,120,1,Rural,N
Female,No,0,Graduate,Yes,19301,1442,478,300,1,Rural,N
Female,Yes,0,Not Graduate,Yes,21558,8597,277,120,1,Rural,Y
Male,Yes,1,Graduate,No,12433,4437,526,360,1,Urban,N
Female,No,0,Graduate,Yes,17525,5435,406,120,1,Rural,N
Male,Yes,2,Graduate,No,2089,8435,603,360,0,Semiurban,N
Female,No,2,Not Graduate,No,20093,4107,367,360,1,Rural,Y
Male,Yes,0,Not Graduate,Yes,12361,560,685,360,1,Semiurban,N
Female,No,0,Graduate,Yes,18369,8785,107,300,1,Rural,Y
Female,No,3+,Not Graduate,No,5041,5548,607,120,0,Urban,N
Male,No,2,Graduate,Yes,2105,1826,575,120,1,Rural,N
Male,No,1,Graduate,No,11078,7629,396,300,1,Semiurban,Y
Male,No,3+,Graduate,Yes,20279,8325,263,240,1,Semiurban,Y
Male,No,0,Graduate,Yes,8090,3138,584,180,1,Rural,N
Male,Yes,0,Not Graduate,No,8082,7693,696,120,1,Semiurban,N
Male,Yes,2,Not Graduate,Yes,19018,8264,171,180,1,Semiurban,Y
Male,Yes,0,Not Graduate,No,3925,7842,666,300,1,Urban,N
Male,No,1,Graduate,Yes,20440,6721,658,240,1,Rural,N
Female,No,2,Graduate,No,8917,7002,337,240,0,Rural,N
Female,No,0,Graduate,No,21528,4225,203,240,1,Rural,Y
Male,No,2,Not Graduate,Yes,2552,2978,309,300,1,Semiurban,Y
Female,Yes,0,Graduate,No,23767,7373,653,360,1,Rural,N
Female,Yes,0,Not Graduate,Yes,5911,5907,567,360,0,Rural,N
Female,No,0,Not Graduate,Yes,5389,6097,553,180,1,Urban,N
Female,Yes,1,Not Graduate,Yes,15629,5656,367,360,1,Urban,Y
Male,Yes,1,Not Graduate,No,4430,8984,485,360,0,Urban,N
Female,No,2,Not Graduate,No,2458,4259,486,240,0,Semiurban,N
Male,Yes,0,Not Graduate,Yes,15395,8286,358,240,0,Rural,N
Female,No,0,Graduate,Yes,2207,5901,382,180,1,Urban,Y
Female,Yes,1,Graduate,No,2899,9325,139,120,0,Urban,N
Female,No,0,Not Graduate,Yes,13653,4917,585,180,0,Urban,N
Male,No,1,Not Graduate,Yes,18405,8429,319,180,1,Rural,Y
Female,No,0,Graduate,No,10601,2530,228,300,1,Rural,Y
Male,No,2,Not Graduate,Yes,2894,1960,619,300,0,Rural,N
Female,Yes,0,Not Graduate,No,2514,7045,359,180,0,Semiurban,N
Male,No,0,Graduate,Yes,23288,1048,465,180,0,Semiurban,N
Female,No,3+,Not Graduate,No,6109,5772,643,180,1,Urban,N
Male,No,1,Not Graduate,Yes,15258,2529,623,360,1,Rural,N
Male,Yes,0,Not Graduate,Yes,17313,2964,115,300,0,Urban,N
Female,No,0,Graduate,No,17349,7137,228,180,0,Rural,N
Male,Yes,3+,Graduate,Yes,9179,963,674,240,1,Rural,N
Female,No,3+,Graduate,No,12326,536,208,240,1,Rural,Y
Female,Yes,1,Not Graduate,Yes,13787,7340,632,360,1,Semiurban,N
Female,Yes,3+,Not Graduate,No,3560,7179,368,360,1,Semiurban,Y
Female,No,2,Graduate,No,15612,7967,261,120,1,Rural,Y
Female,Yes,3+,Not Graduate,No,19650,8734,359,120,1,Urban,Y
Female,No,2,Not Graduate,No,22022,845,201,120,1,Rural,Y
Female,No,1,Not Graduate,Yes,21811,5777,605,360,1,Rural,N
Female,No,1,Not Graduate,Yes,6780,3036,670,360,1,Urban,N
Female,Yes,1,Not Graduate,No,20311,5947,346,360,0,Rural,N
Female,Yes,1,Graduate,No,13894,2494,636,240,1,Urban,N
Female,No,1,Not Graduate,No,4356,2719,230,360,0,Semiurban,N
Male,No,2,Graduate,Yes,6790,1884,452,240,1,Semiurban,N
Male,Yes,2,Not Graduate,Yes,18690,4349,295,120,1,Urban,Y
Female,No,1,Graduate,Yes,22049,5179,481,120,1,Semiurban,N
Female,No,3+,Not Graduate,Yes,12181,6610,326,120,0,Semiurban,N
Female,No,0,Graduate,No,9057,6430,575,180,1,Urban,N
Female,Yes,1,Not Graduate,No,18082,7154,576,180,1,Semiurban,N
Female,Yes,3+,Graduate,No,2661,6488,364,300,1,Rural,Y
Female,Yes,0,Not Graduate,Yes,6644,4737,471,300,1,Rural,N
Female,No,1,Graduate,Yes,17711,6525,585,300,1,Urban,N
Female,No,1,Not Graduate,Yes,4920,3850,533,180,1,Semiurban,N
Male,No,2,Graduate,No,18002,689,310,180,1,Rural,Y
Female,Yes,0,Graduate,No,16025,5175,671,300,1,Rural,N
Male,No,0,Not Graduate,Yes,10946,8648,476,300,0,Semiurban,N
Female,No,3+,Not Graduate,No,14732,5078,494,360,1,Semiurban,N
Female,No,2,Graduate,Yes,8236,5448,549,300,1,Rural,N
Male,No,2,Not Graduate,Yes,18309,1179,463,360,1,Rural,N
Female,Yes,2,Graduate,No,24462,9074,556,240,1,Urban,N
Male,Yes,2,Graduate,Yes,15518,6406,325,180,1,Urban,Y
Female,No,0,Graduate,No,2352,8591,230,300,1,Rural,Y
Female,Yes,0,Not Graduate,Yes,9005,6907,687,180,1,Urban,N
Male,Yes,1,Graduate,No,16036,8800,575,180,1,Rural,N
Female,No,1,Graduate,No,18542,1638,376,180,1,Rural,Y
Male,No,2,Not Graduate,No,2956,5671,255,240,1,Urban,Y
Female,Yes,2,Not Graduate,Yes,4071,6928,317,120,1,Urban,Y
Male,No,2,Not Graduate,Yes,10595,1382,289,300,0,Semiurban,N
Male,Yes,1,Not Graduate,No,17140,1403,516,120,1,Semiurban,N
Female,No,3+,Graduate,No,14803,9011,645,120,1,Semiurban,N
Female,Yes,3+,Graduate,Yes,5453,3292,140,120,1,Rural,Y
Male,No,1,Graduate,Yes,8675,9011,406,180,1,Urban,N
Female,Yes,1,Graduate,Yes,2955,419,437,360,1,Rural,N
Female,Yes,1,Not Graduate,No,8295,4517,413,180,1,Urban,N
Female,Yes,1,Graduate,Yes,17921,3302,174,180,0,Rural,N
Male,No,1,Graduate,Yes,20096,7857,378,120,0,Semiurban,N
Male,Yes,1,Not Graduate,No,17282,9700,275,180,0,Semiurban,N
Male,Yes,2,Graduate,Yes,6703,7870,372,120,1,Semiurban,Y
Male,No,2,Graduate,Yes,8563,5693,388,360,0,Rural,N
Male,No,2,Graduate,Yes,24015,767,371,300,1,Urban,Y
Male,Yes,2,Graduate,No,14003,2044,165,120,1,Urban,Y
Male,Yes,1,Graduate,No,12817,1549,582,360,1,Semiurban,N
Male,No,3+,Graduate,No,13171,9956,347,300,1,Semiurban,Y
Male,No,0,Not Graduate,No,14582,6140,255,240,1,Semiurban,Y
Female,No,1,Not Graduate,No,14201,3716,146,120,1,Semiurban,Y
Male,No,0,Graduate,No,19778,4481,553,120,1,Urban,N
Female,No,3+,Graduate,No,14473,7898,300,240,0,Rural,N
Female,Yes,2,Not Graduate,Yes,11461,6548,223,240,1,Rural,Y
Female,No,3+,Graduate,Yes,23116,2293,100,120,1,Rural,Y
Male,Yes,1,Graduate,No,22098,4837,290,240,0,Rural,N
Male,Yes,2,Graduate,Yes,17596,7758,678,180,1,Semiurban,N
Male,Yes,1,Not Graduate,Yes,2529,6793,615,300,1,Semiurban,N
Male,No,2,Graduate,No,21342,7638,541,300,1,Semiurban,N
Female,Yes,0,Not Graduate,Yes,21975,7993,242,300,1,Rural,Y
Male,Yes,0,Graduate,Yes,14765,6007,290,180,1,Semiurban,Y
Male,No,0,Not Graduate,Yes,15910,5542,632,240,0,Semiurban,N
Male,Yes,3+,Not Graduate,Yes,13561,9092,326,360,1,Urban,Y
Male,Yes,1,Graduate,Yes,11131,6356,412,240,1,Urban,N
Male,No,3+,Not Graduate,No,2525,8433,401,120,1,Semiurban,N
Female,Yes,0,Graduate,No,24861,7380,559,300,1,Urban,N
Male,Yes,1,Not Graduate,No,18385,2385,500,240,1,Urban,N
Female,Yes,0,Graduate,Yes,2374,4268,650,360,1,Semiurban,N
Male,No,3+,Graduate,No,14197,671,492,120,1,Semiurban,N
Female,No,3+,Not Graduate,Yes,6648,163,306,180,0,Semiurban,N
Male,No,3+,Graduate,Yes,4365,8656,309,180,1,Semiurban,Y
Male,Yes,0,Graduate,Yes,19909,4592,214,360,1,Rural,Y
Female,Yes,1,Not Graduate,Yes,3646,4795,350,120,0,Rural,N
Female,No,1,Graduate,No,2013,4798,318,300,1,Semiurban,Y
Female,Yes,0,Graduate,No,6599,6036,506,240,1,Urban,N
Male,Yes,1,Not Graduate,Yes,4278,2355,542,120,1,Semiurban,N
Female,No,0,Not Graduate,No,16296,5887,453,180,0,Semiurban,N
Male,No,1,Graduate,Yes,5155,7961,657,360,1,Urban,N
Male,Yes,2,Graduate,No,10321,5827,649,360,1,Rural,N
Female,Yes,2,Not Graduate,No,5814,8737,241,240,1,Semiurban,Y
Female,Yes,3+,Not Graduate,Yes,15125,4719,600,360,0,Semiurban,N
Male,No,2,Graduate,No,5216,593,646,360,1,Rural,N
Male,No,2,Not Graduate,Yes,4113,4839,641,120,1,Rural,N
Female,No,2,Graduate,No,22740,7394,606,300,1,Urban,N
Female,No,0,Graduate,Yes,12238,9651,695,240,1,Rural,N
Female,Yes,2,Graduate,Yes,15760,3493,380,120,1,Rural,Y
Male,No,2,Graduate,No,23927,6164,523,300,1,Rural,N
Male,No,3+,Graduate,No,22939,2672,369,120,0,Urban,N
Male,No,2,Not Graduate,Yes,14588,4200,253,120,1,Rural,Y
Male,No,2,Not Graduate,No,5374,16,182,360,0,Rural,N
Male,No,1,Not Graduate,No,8430,3191,525,300,1,Urban,N
Male,Yes,3+,Not Graduate,Yes,21850,392,374,240,0,Rural,N
Female,Yes,3+,Graduate,Yes,21465,8616,383,240,1,Rural,Y
Male,No,3+,Graduate,No,13970,6272,272,300,1,Urban,Y
Male,Yes,3+,Graduate,Yes,2629,571,426,360,1,Semiurban,N
Male,No,3+,Graduate,Yes,18653,3631,162,180,0,Urban,N
Female,No,3+,Not Graduate,Yes,12831,6172,172,120,1,Rural,Y
Male,Yes,0,Graduate,No,7724,9312,474,360,1,Rural,N
Male,Yes,2,Graduate,No,24281,7177,607,300,1,Rural,N
Female,No,3+,Not Graduate,Yes,13083,8433,497,120,1,Urban,N
Male,No,2,Not Graduate,No,15149,3897,219,240,1,Rural,Y
Male,No,2,Not Graduate,Yes,21816,8123,536,180,1,Rural,N
Male,Yes,0,Not Graduate,No,11472,2279,564,240,1,Urban,N
Male,No,3+,Graduate,Yes,8276,8980,385,300,1,Semiurban,Y
Male,No,1,Graduate,Yes,17635,7451,364,120,1,Semiurban,Y
Female,No,0,Not Graduate,No,7895,8906,419,300,1,Rural,N
Female,Yes,1,Graduate,Yes,15994,775,475,120,0,Urban,N
Female,No,2,Graduate,No,12552,6869,188,360,0,Rural,N
Male,No,2,Graduate,No,18959,2247,302,180,0,Urban,N
Male,Yes,0,Not Graduate,Yes,8099,7088,433,360,1,Urban,N
Male,No,0,Graduate,Yes,11499,78,321,360,1,Semiurban,Y
Female,No,1,Not Graduate,No,21576,8080,140,300,1,Semiurban,Y
Male,Yes,3+,Graduate,Yes,5178,7099,167,180,1,Urban,Y
Male,No,1,Graduate,Yes,24436,3926,613,120,0,Rural,N
Female,Yes,0,Graduate,Yes,21118,9047,697,120,1,Semiurban,N
Male,Yes,1,Not Graduate,Yes,8116,7340,226,240,1,Rural,Y
Female,No,0,Graduate,Yes,17563,7083,354,120,1,Semiurban,Y
Female,No,1,Not Graduate,No,5568,6230,115,300,0,Semiurban,N
Female,No,0,Not Graduate,No,11847,9223,576,360,1,Rural,N
Male,No,0,Not Graduate,Yes,16135,4940,161,360,1,Semiurban,Y
Male,Yes,0,Graduate,Yes,20587,3271,531,360,1,Semiurban,N
Male,No,3+,Graduate,Yes,19774,3456,367,180,1,Rural,Y
Male,Yes,1,Graduate,No,3742,7788,134,120,1,Semiurban,Y
Male,No,1,Graduate,Yes,20309,8599,675,300,1,Semiurban,N
Male,No,1,Not Graduate,No,2619,7650,593,180,1,Semiurban,N
Male,No,0,Not Graduate,No,19658,2711,661,240,1,Rural,N
Female,Yes,1,Not Graduate,No,19340,1668,568,300,1,Urban,N
Male,No,1,Graduate,Yes,3939,147,424,300,1,Rural,N
Female,No,0,Not Graduate,No,22337,6420,403,300,1,Urban,N
Male,No,2,Graduate,Yes,18001,365,375,360,1,Semiurban,Y
Male,No,0,Not Graduate,No,2968,9866,300,300,1,Urban,Y
Male,Yes,1,Graduate,Yes,16846,4531,544,120,1,Rural,N
Female,No,0,Graduate,No,2281,5330,423,300,1,Rural,N
Female,Yes,2,Not Graduate,Yes,17360,5510,134,360,0,Semiurban,N
Female,Yes,0,Not Graduate,No,8262,8754,581,300,1,Urban,N
Female,Yes,1,Not Graduate,Yes,3058,8964,579,240,1,Semiurban,N
Male,Yes,2,Not Graduate,Yes,22677,6493,164,240,1,Semiurban,Y
Female,Yes,3+,Graduate,Yes,12724,5439,107,360,1,Rural,Y
Male,Yes,1,Not Graduate,Yes,7178,9765,400,120,1,Urban,N
Male,No,2,Not Graduate,No,8980,6511,442,120,1,Urban,N
Female,Yes,2,Not Graduate,No,11200,7504,530,180,1,Urban,N
Female,Yes,3+,Graduate,Yes,3229,1246,523,360,1,Urban,N
Female,Yes,0,Graduate,No,22969,3839,431,300,1,Semiurban,N
Female,No,0,Not Graduate,Yes,10467,8551,537,360,1,Semiurban,N
Female,No,1,Graduate,Yes,21124,2376,687,180,1,Rural,N
Female,Yes,3+,Not Graduate,No,4289,3009,273,360,1,Semiurban,Y
Female,No,0,Graduate,Yes,3239,9154,658,360,1,Semiurban,N
Female,Yes,3+,Graduate,Yes,7370,1827,626,180,0,Rural,N
Male,Yes,0,Graduate,No,18170,6979,125,120,1,Rural,Y
Female,No,2,Graduate,Yes,2125,9805,505,300,0,Rural,N
Female,Yes,0,Not Graduate,Yes,14504,9832,331,180,1,Semiurban,Y
Male,No,3+,Not Graduate,Yes,17398,8569,632,240,0,Semiurban,N
Female,No,2,Not Graduate,Yes,23726,4285,649,120,0,Rural,N
Male,Yes,2,Graduate,No,8638,6910,604,240,1,Rural,N
Male,Yes,2,Not Graduate,No,8570,8561,278,120,1,Rural,Y
Female,No,3+,Not Graduate,No,5249,2196,231,300,1,Semiurban,Y
Male,Yes,1,Not Graduate,Yes,11110,3747,554,300,1,Semiurban,N
Male,Yes,1,Graduate,Yes,9595,8843,447,360,1,Urban,N
Male,Yes,1,Graduate,No,15605,5978,639,240,1,Semiurban,N
Male,No,3+,Graduate,Yes,14115,5607,505,120,1,Semiurban,N
Female,No,2,Not Graduate,Yes,8294,769,175,300,1,Semiurban,Y
Male,Yes,1,Not Graduate,Yes,24911,780,678,180,1,Rural,N
Female,No,3+,Not Graduate,Yes,7757,9908,591,300,1,Semiurban,N
Male,No,1,Graduate,No,14595,6303,293,180,1,Rural,Y
Male,No,0,Graduate,No,3969,3983,261,120,1,Urban,Y
Male,No,1,Not Graduate,No,12985,9503,446,300,1,Urban,N
Male,No,1,Graduate,Yes,19275,8714,460,300,1,Rural,N
Female,Yes,2,Graduate,No,6470,521,683,120,1,Rural,N
Female,Yes,3+,Graduate,No,12225,9127,186,300,1,Rural,Y
Male,Yes,2,Graduate,Yes,11556,7569,361,180,1,Semiurban,Y
Male,No,2,Not Graduate,Yes,11206,5784,313,300,1,Urban,Y
Female,No,2,Graduate,No,11991,4583,672,240,1,Rural,N
Male,Yes,2,Graduate,No,9519,5946,361,360,1,Semiurban,Y
Male,No,2,Graduate,No,15669,4941,382,180,1,Urban,Y
Male,Yes,1,Graduate,No,6612,6267,566,240,1,Semiurban,N
Female,Yes,2,Not Graduate,Yes,14373,7128,479,120,1,Urban,N
Female,Yes,2,Not Graduate,No,19582,2461,461,180,1,Semiurban,N
Female,No,3+,Graduate,No,17552,685,548,360,1,Urban,N
Male,No,0,Graduate,Yes,16646,2160,540,360,1,Urban,N
Male,Yes,1,Graduate,No,7238,7031,192,120,0,Semiurban,N
Female,Yes,1,Graduate,Yes,17577,9759,523,120,1,Rural,N
Female,Yes,1,Graduate,Yes,24473,5341,241,180,1,Urban,Y
Female,Yes,2,Graduate,Yes,24641,38,390,300,1,Rural,Y
Female,No,2,Not Graduate,No,17504,4875,531,120,1,Semiurban,N
Male,No,2,Graduate,No,5719,1256,148,300,1,Rural,Y
Female,Yes,3+,Not Graduate,Yes,2302,7697,401,240,1,Rural,N
Male,Yes,0,Not Graduate,No,14144,2196,289,360,1,Rural,Y
Female,No,2,Graduate,No,19370,7165,235,300,0,Rural,N
Male,No,0,Not Graduate,Yes,12055,301,654,360,1,Rural,N
Female,Yes,3+,Not Graduate,Yes,6440,7527,503,300,1,Urban,N
Female,Yes,1,Not Graduate,No,23293,6381,440,240,1,Urban,N
Female,Yes,2,Not Graduate,Yes,5072,646,417,120,1,Urban,N
Female,No,0,Not Graduate,No,15598,9951,462,240,1,Semiurban,N
Male,No,0,Not Graduate,No,16287,8789,481,120,1,Rural,N
Female,No,2,Graduate,No,15965,8853,332,120,1,Urban,Y
Male,Yes,1,Not Graduate,No,21508,4330,443,360,1,Semiurban,N
Male,Yes,1,Not Graduate,Yes,11519,9560,648,240,1,Urban,N
Male,No,1,Not Graduate,Yes,15380,7003,652,300,0,Urban,N
Male,No,3+,Graduate,Yes,13865,3537,628,240,1,Rural,N
Female,Yes,0,Not Graduate,Yes,10125,4558,670,360,1,Semiurban,N
Male,No,0,Graduate,No,5291,6579,282,120,1,Rural,Y
Male,No,0,Not Graduate,No,6033,8474,140,360,0,Rural,N
Male,Yes,3+,Graduate,Yes,7105,9678,650,180,1,Urban,N
Female,No,0,Graduate,No,19087,4082,496,180,1,Rural,N
Female,Yes,3+,Not Graduate,No,10133,4183,593,300,0,Semiurban,N
Female,Yes,1,Not Graduate,No,18958,8652,432,360,1,Rural,N
Female,Yes,2,Graduate,Yes,7704,3754,226,300,1,Rural,Y
Male,Yes,0,Not Graduate,Yes,9848,1724,657,300,1,Rural,N
Male,Yes,0,Graduate,Yes,23592,1376,656,180,1,Urban,N
Female,Yes,1,Graduate,No,14975,8706,100,300,1,Semiurban,Y
Male,Yes,2,Graduate,Yes,8924,8894,267,180,1,Urban,Y
Male,No,3+,Graduate,Yes,22212,1653,118,120,1,Urban,Y
Male,Yes,2,Graduate,Yes,21614,2066,431,360,1,Urban,N
Female,Yes,1,Not Graduate,Yes,2488,22,683,300,0,Urban,N
Female,No,1,Graduate,Yes,9114,2460,555,180,1,Urban,N
Male,No,2,Graduate,Yes,17740,5926,208,240,1,Semiurban,Y
Female,No,3+,Not Graduate,No,5173,6251,367,300,1,Rural,Y
Female,Yes,3+,Graduate,No,3667,9496,544,120,1,Urban,N
Female,No,0,Not Graduate,Yes,6114,7295,339,120,1,Urban,Y
Female,Yes,3+,Not Graduate,Yes,5553,3300,400,240,0,Semiurban,N
Female,Yes,2,Not Graduate,No,9761,6279,202,180,1,Semiurban,Y
Male,Yes,1,Graduate,No,3000,8553,349,300,1,Rural,Y
Female,Yes,0,Graduate,Yes,17638,7353,552,180,1,Semiurban,N
Male,No,0,Graduate,Yes,19772,3727,619,120,1,Rural,N
Male,No,1,Not Graduate,Yes,7450,6272,252,180,1,Urban,Y
Female,Yes,3+,Graduate,Yes,5712,5995,273,120,1,Urban,Y
Male,Yes,1,Not Graduate,No,3367,9476,442,180,1,Rural,N
Male,Yes,3+,Graduate,Yes,10189,514,530,240,1,Semiurban,N
Male,No,1,Not Graduate,Yes,11013,448,423,360,1,Rural,N
Female,Yes,2,Graduate,Yes,18838,6019,519,240,1,Semiurban,N
Female,Yes,3+,Graduate,Yes,21156,5343,693,240,1,Urban,N
Male,No,2,Graduate,No,5726,8033,584,360,0,Semiurban,N
Female,No,0,Not Graduate,No,6806,2520,511,360,1,Rural,N
Female,Yes,1,Not Graduate,No,4190,3081,183,300,1,Rural,Y
Female,No,0,Graduate,Yes,11108,1428,212,300,1,Urban,Y
Female,No,0,Graduate,Yes,14178,3967,431,240,1,Semiurban,N
Male,Yes,0,Not Graduate,No,4875,6445,477,240,1,Semiurban,N
Male,No,0,Not Graduate,Yes,7592,9114,140,120,1,Semiurban,Y
Female,Yes,1,Not Graduate,Yes,19824,2159,204,120,1,Urban,Y
Female,No,0,Graduate,No,14592,5132,301,300,1,Semiurban,Y
Male,Yes,1,Not Graduate,No,10927,2547,549,300,0,Rural,N
Male,Yes,1,Graduate,No,24443,2979,365,120,1,Semiurban,Y
Female,Yes,2,Not Graduate,No,16437,2649,309,120,1,Urban,Y
Male,No,3+,Graduate,Yes,13530,8505,662,180,1,Semiurban,N
Female,Yes,3+,Not Graduate,Yes,9010,3083,217,180,1,Semiurban,Y
Female,No,1,Not Graduate,No,13207,1037,476,120,1,Rural,N
Male,Yes,2,Not Graduate,Yes,4989,3489,650,180,1,Semiurban,N
Male,Yes,1,Not Graduate,No,14040,7604,639,360,1,Rural,N
Female,No,1,Not Graduate,No,11218,7544,183,300,1,Rural,Y
Female,Yes,1,Graduate,Yes,24612,2634,553,300,1,Urban,N
Male,Yes,2,Not Graduate,No,8471,3983,613,120,1,Rural,N
Female,No,3+,Not Graduate,Yes,4863,1778,486,240,1,Rural,N
Male,Yes,2,Not Graduate,Yes,12693,7902,449,120,1,Urban,N
Female,Yes,0,Graduate,Yes,3177,5110,395,180,1,Rural,Y
Male,Yes,2,Not Graduate,Yes,6760,5189,357,240,1,Urban,Y
Male,Yes,2,Graduate,No,2011,7378,180,180,1,Semiurban,Y
Male,No,2,Not Graduate,Yes,23636,1124,367,360,1,Urban,Y
Female,No,2,Not Graduate,No,18353,697,518,180,1,Rural,N
Female,Yes,3+,Graduate,No,22783,2179,334,360,0,Urban,N
Male,No,0,Not Graduate,No,13556,9596,410,360,1,Rural,N
Female,Yes,3+,Graduate,No,13563,5251,456,180,1,Semiurban,N
Male,No,3+,Graduate,Yes,16051,9235,312,180,0,Urban,N
Male,Yes,2,Not Graduate,Yes,13022,1929,673,360,1,Semiurban,N
Female,Yes,1,Graduate,No,10234,1013,148,240,1,Rural,Y
Female,Yes,1,Not Graduate,No,23829,226,226,360,0,Rural,N
Male,Yes,3+,Not Graduate,Yes,18173,7321,322,300,1,Semiurban,Y
Female,Yes,3+,Graduate,No,15178,1828,378,360,1,Urban,Y
Female,Yes,2,Graduate,Yes,8570,7909,507,240,1,Urban,N
Male,No,3+,Graduate,No,2406,5588,604,300,1,Rural,N
Male,Yes,2,Graduate,Yes,11206,2023,393,120,1,Semiurban,Y
Female,No,1,Not Graduate,No,6431,4966,376,120,1,Semiurban,Y
Male,Yes,1,Not Graduate,No,23627,5891,537,240,1,Urban,N
Male,No,0,Graduate,Yes,8542,1080,206,360,1,Urban,Y
Female,No,1,Not Graduate,No,10906,5036,519,180,1,Urban,N
Male,No,3+,Not Graduate,No,6146,2563,528,240,1,Semiurban,N
Male,Yes,1,Not Graduate,Yes,14046,3292,474,300,1,Urban,N
Female,Yes,2,Not Graduate,No,14611,3586,172,300,1,Urban,Y
Female,No,1,Graduate,Yes,15076,4431,129,120,1,Rural,Y
Male,Yes,0,Graduate,Yes,18524,6841,287,300,1,Urban,Y
Male,No,1,Not Graduate,No,6882,6643,463,240,1,Urban,N
Female,Yes,2,Graduate,No,16113,3959,550,300,1,Semiurban,N
Female,No,2,Graduate,No,15645,161,294,240,0,Semiurban,N
Female,No,3+,Graduate,No,8012,593,255,180,1,Rural,Y
Female,Yes,1,Not Graduate,No,19347,3390,271,120,1,Urban,Y
Male,No,2,Not Graduate,No,9151,5997,140,300,1,Rural,Y
Female,Yes,0,Not Graduate,No,5610,6354,162,240,1,Semiurban,Y
Female,No,3+,Graduate,Yes,11884,663,122,360,1,Rural,Y
Male,No,0,Not Graduate,No,8894,9324,459,120,1,Semiurban,N
Female,Yes,1,Not Graduate,Yes,15467,541,174,180,1,Rural,Y
Male,Yes,1,Graduate,No,18489,5433,659,240,0,Rural,N
Female,Yes,1,Not Graduate,No,23923,5093,217,180,1,Urban,Y
Female,No,3+,Not Graduate,Yes,11873,867,479,180,1,Rural,N
Female,Yes,2,Graduate,No,14289,8623,389,300,1,Urban,Y
Male,No,3+,Graduate,No,14208,5469,539,300,1,Urban,N
Male,No,0,Graduate,Yes,12828,6256,106,240,1,Urban,Y
Female,Yes,3+,Not Graduate,No,4137,9398,295,360,1,Urban,Y
Male,Yes,0,Not Graduate,No,22829,1169,520,240,1,Rural,N
Male,No,3+,Not Graduate,No,21914,830,667,360,1,Semiurban,N
Male,No,2,Graduate,Yes,3286,1651,292,180,1,Semiurban,N
Male,Yes,0,Graduate,No,17710,1136,658,120,1,Semiurban,N
Male,Yes,1,Not Graduate,No,13371,2810,247,240,1,Rural,Y
Male,Yes,1,Not Graduate,No,17945,8667,301,240,1,Urban,Y
Female,Yes,3+,Graduate,No,9052,9518,543,360,1,Semiurban,N
Female,Yes,1,Graduate,Yes,5654,1019,518,180,1,Rural,N
Male,No,0,Graduate,Yes,20743,5237,526,180,1,Urban,N
Female,No,1,Graduate,No,17600,1283,578,360,1,Semiurban,N
Female,No,2,Not Graduate,No,10636,659,574,180,1,Urban,N
Female,No,2,Graduate,Yes,8441,2010,225,300,1,Semiurban,Y
Female,Yes,3+,Not Graduate,Yes,23431,8590,494,120,1,Semiurban,N
Male,Yes,0,Not Graduate,No,23587,1733,675,240,0,Semiurban,N
Female,Yes,2,Not Graduate,Yes,11667,2125,424,120,1,Urban,N
Female,No,2,Graduate,No,14149,2171,491,240,1,Rural,N
Male,No,0,Graduate,Yes,3798,8266,539,300,1,Urban,N
Male,Yes,1,Graduate,Yes,11600,3471,303,180,1,Semiurban,Y
Female,Yes,1,Graduate,Yes,23675,9028,585,360,1,Urban,N
Female,No,3+,Not Graduate,Yes,7495,5624,130,300,1,Rural,Y
Female,No,1,Graduate,No,11900,8691,487,120,0,Urban,N
Female,Yes,0,Graduate,Yes,15673,8329,533,360,1,Rural,N
Female,Yes,2,Not Graduate,Yes,13130,2097,475,180,1,Rural,N
Female,No,1,Graduate,No,24668,5068,443,300,0,Urban,N
Male,Yes,3+,Not Graduate,Yes,17222,6397,542,360,1,Semiurban,N
Female,Yes,1,Not Graduate,Yes,3300,2757,678,300,1,Rural,N
Female,Yes,0,Not Graduate,No,11435,3920,174,300,0,Urban,N
Male,No,3+,Not Graduate,Yes,21481,8186,656,180,1,Rural,N
Male,No,1,Not Graduate,No,6616,1900,254,240,0,Semiurban,N
Male,No,3+,Not Graduate,No,18393,2610,529,360,1,Urban,N
Male,No,0,Not Graduate,No,12617,6900,462,180,1,Urban,N
Female,No,2,Not Graduate,No,7752,1449,547,300,1,Urban,N
Female,No,0,Graduate,Yes,11852,8738,333,180,1,Semiurban,Y
Female,No,0,Graduate,No,8295,5017,662,240,1,Rural,N
Female,Yes,0,Graduate,Yes,23199,7999,361,360,1,Urban,Y
Female,Yes,0,Graduate,Yes,19456,6052,224,240,1,Rural,Y
Female,Yes,2,Not Graduate,Yes,5225,2096,344,120,1,Rural,Y
Male,Yes,2,Graduate,Yes,3316,8895,641,360,1,Semiurban,N
Female,Yes,3+,Not Graduate,Yes,24083,6404,584,240,0,Urban,N
Male,Yes,1,Graduate,Yes,14337,9817,221,300,1,Rural,Y
Male,Yes,2,Graduate,Yes,8807,3331,224,360,0,Urban,N
Female,No,2,Graduate,Yes,5683,7462,648,360,1,Urban,N
Male,No,1,Not Graduate,Yes,9227,5105,269,180,1,Semiurban,Y
Female,Yes,2,Graduate,Yes,5273,2978,223,300,1,Urban,Y
Male,Yes,0,Not Graduate,No,2145,2839,134,120,1,Urban,N
Female,No,0,Not Graduate,No,7010,3384,186,240,1,Rural,Y
Male,Yes,1,Graduate,No,18035,685,300,180,0,Semiurban,N
Female,Yes,3+,Graduate,Yes,5040,7531,468,240,1,Urban,N
Female,No,3+,Graduate,No,11654,4283,176,120,1,Rural,Y
Female,Yes,1,Not Graduate,No,18866,7736,158,120,1,Semiurban,Y
Female,No,1,Graduate,No,21563,7710,530,360,1,Semiurban,N
Female,Yes,0,Not Graduate,Yes,19633,1619,599,120,1,Rural,N
Male,No,3+,Not Graduate,Yes,19014,6868,208,240,1,Rural,Y
Male,No,2,Graduate,Yes,16996,1431,377,300,1,Rural,Y
Male,No,0,Graduate,Yes,18336,9067,167,300,0,Rural,N
Female,Yes,1,Not Graduate,No,10853,4713,168,360,0,Rural,N
Male,No,3+,Not Graduate,No,13695,9557,264,240,0,Urban,N
Female,Yes,2,Not Graduate,No,4852,9435,588,240,1,Urban,N
Female,Yes,2,Graduate,No,18014,4998,404,120,1,Semiurban,N
Male,Yes,0,Not Graduate,Yes,2987,162,464,240,1,Urban,N
Male,Yes,3+,Graduate,Yes,9622,1974,478,180,1,Urban,N
Female,No,3+,Not Graduate,Yes,11160,3291,442,120,1,Urban,N
Male,No,1,Not Graduate,No,19484,8461,653,180,1,Rural,N
Female,Yes,3+,Graduate,Yes,8652,631,453,360,1,Semiurban,N
Female,Yes,3+,Not Graduate,Yes,9421,905,515,300,0,Semiurban,N
Female,No,0,Graduate,No,23400,2014,208,360,1,Semiurban,Y
Female,Yes,3+,Graduate,No,2769,9833,662,300,1,Semiurban,N
Female,No,2,Not Graduate,Yes,19727,7896,596,360,1,Urban,N
Male,Yes,0,Graduate,Yes,16114,204,440,240,1,Urban,N
Male,Yes,0,Graduate,Yes,6358,581,482,180,1,Rural,N
Female,No,1,Not Graduate,Yes,24986,5675,632,300,1,Semiurban,N
Female,Yes,3+,Graduate,Yes,13543,9032,399,120,0,Urban,N
Male,No,1,Graduate,Yes,20733,5347,238,180,1,Urban,Y
Male,Yes,2,Graduate,No,7699,9911,458,120,1,Rural,N
Female,Yes,0,Not Graduate,No,19625,2643,598,180,1,Rural,N
Male,Yes,0,Graduate,No,3125,8017,484,180,1,Rural,N
Female,No,0,Not Graduate,Yes,12793,2297,379,360,1,Urban,Y
Male,Yes,2,Not Graduate,No,8764,874,582,300,1,Urban,N
Female,Yes,2,Graduate,Yes,23485,5560,210,300,1,Rural,Y
Male,Yes,1,Graduate,Yes,14323,689,238,180,1,Semiurban,Y
Female,Yes,1,Graduate,No,15031,4000,534,240,1,Rural,N
Male,No,1,Not Graduate,Yes,16052,9614,608,240,1,Rural,N
Male,No,3+,Graduate,Yes,14640,671,372,120,1,Rural,Y
Female,Yes,0,Graduate,No,9843,7927,198,120,1,Rural,Y
Male,No,0,Graduate,No,16210,1171,203,360,0,Urban,N
Female,Yes,1,Graduate,No,18456,5591,313,180,1,Semiurban,Y
Male,Yes,0,Graduate,Yes,23856,9135,264,120,1,Rural,Y
Female,Yes,1,Not Graduate,No,12106,6342,619,120,1,Semiurban,N
Male,No,3+,Not Graduate,No,7189,1449,383,180,1,Semiurban,Y
Female,No,3+,Graduate,Yes,4472,2539,616,360,1,Semiurban,N
Male,No,2,Graduate,No,19091,3959,263,120,1,Rural,Y
Female,No,3+,Graduate,No,20188,6285,163,360,1,Urban,Y
Male,No,1,Graduate,No,8704,5432,190,300,0,Rural,N
Female,No,3+,Not Graduate,Yes,5713,4260,216,360,1,Semiurban,Y
Female,No,2,Graduate,Yes,7051,2361,366,240,1,Semiurban,Y
Female,No,0,Not Graduate,Yes,12756,6164,658,240,1,Urban,N
Male,No,1,Not Graduate,Yes,4475,3670,239,360,1,Rural,Y
Female,Yes,0,Graduate,No,5610,1753,345,240,1,Semiurban,Y
Male,No,2,Not Graduate,Yes,6255,8100,494,300,1,Urban,N
Female,No,2,Not Graduate,Yes,16484,1938,586,180,1,Semiurban,N
Male,No,2,Not Graduate,No,3735,8562,575,240,1,Urban,N
Female,No,0,Not Graduate,No,10258,5976,616,240,1,Urban,N
Male,No,0,Graduate,No,9979,6588,283,360,1,Rural,Y
Male,No,0,Graduate,Yes,4428,8616,119,300,1,Semiurban,Y
Female,No,0,Not Graduate,Yes,14345,6304,657,180,1,Rural,N
Male,No,2,Graduate,Yes,9426,7345,623,360,1,Semiurban,N
Male,No,2,Graduate,No,10533,7875,681,360,1,Rural,N
Female,No,1,Graduate,No,7249,9086,628,300,1,Semiurban,N
Male,No,1,Graduate,Yes,23675,6633,246,180,0,Rural,N
Male,Yes,0,Graduate,No,21201,597,403,300,1,Urban,N
Male,Yes,3+,Not Graduate,No,22258,3062,681,180,1,Semiurban,N
Female,No,3+,Graduate,No,11686,2336,327,300,1,Semiurban,Y
Male,No,2,Graduate,Yes,16109,9879,201,360,1,Urban,Y
Female,Yes,2,Graduate,No,22595,572,686,360,1,Rural,N
